,Accuracy,Precision,Recall,F1,FPR,ROC-AUC
Logistic Regression,0.7338352641764534,0.34366669205575445,0.7602358887952823,0.47335291649181704,0.2710941924117536,0.8209366863731873
Random Forest,0.778399300124599,0.38147858400156465,0.6572872788542544,0.48276715549780336,0.19898697539797394,0.8165969228397724
Neural Network,0.7354524005196045,0.34651586458175193,0.7691659646166807,0.47778533675231566,0.27084250928081544,0.8262582075973426
